name,image_id,category
Emu,253971671,walking_birds
Galah,149530081,cockatoos
Galah,117979021,cockatoos
Galah,173899201,cockatoos
Osprey,248196041,raptors
Osprey,252010211,raptors
Osprey,241875621,raptors
"Barn Owl",112747461,owl
"Barn Owl",112746851,owl
"Barn Owl",482748321,owl
Hardhead,305554521,ducks
Hardhead,260256551,ducks
Hardhead,121380971,ducks
Hardhead,102920751,ducks
Hardhead,109519821,ducks
Cockatiel,63888951,parrots
Cockatiel,307903371,parrots
Cockatiel,256668861,parrots
"Gray Teal",395806071,ducks
"Gray Teal",84413321,ducks
"Gray Teal",103328201,ducks
"Gray Teal",237997451,ducks
"Musk Duck",90394081,ducks
Pilotbird,221079171,ground_birds
Silvereye,466788371,lbb
Silvereye,449878771,lbb
Silvereye,178453691,lbb
Silvereye,97448211,lbb
"Sooty Owl",129840101,owl
"Sooty Owl",476366851,owl
"Sooty Owl",113732001,owl
"Sooty Owl",113731951,owl
"Bell Miner",188812811,honeyeaters
"Bell Miner",173262271,honeyeaters
"Bell Miner",185669141,honeyeaters
"Black Swan",467936811,geese
"Black Swan",192548371,geese
"Black Swan",276248061,geese
"Brown Skua",479612601,seabirds
"Brown Skua",464137731,seabirds
"Brown Skua",480907871,seabirds
Budgerigar,257546101,parrots
"Maned Duck",168534831,ducks
"Maned Duck",442941041,ducks
"Maned Duck",168134211,ducks
"Maned Duck",167647421,ducks
"Maned Duck",186956811,ducks
"Maned Duck",167387561,ducks
"Maned Duck",158199321,ducks
"Pied Stilt",167731351,wader
"Pied Stilt",482001781,wader
"Pink Robin",185311841,robins
"Pink Robin",68835021,robins
"Rose Robin",466528021,robins
"Rose Robin",157428971,robins
"Rose Robin",250058341,robins
"Rose Robin",152471701,robins
Shrike-tit,335256161,songbird
Shrike-tit,233593111,songbird
Shrike-tit,335582251,songbird
Shrike-tit,235183761,songbird
Shrike-tit,244469661,songbird
Shrike-tit,244111521,songbird
Shrike-tit,267120101,songbird
Shrike-tit,239015201,songbird
Shrike-tit,233232831,songbird
Shrike-tit,110233941,songbird
"Star Finch",360834731,finches
"White Tern",290050851,seabirds
Apostlebird,251383591,black_white
"Barking Owl",468139861,owl
"Barking Owl",121369181,owl
"Barking Owl",352807481,owl
"Barking Owl",109989251,owl
"Brown Noddy",181669591,seabirds
"Brown Quail",213587491,quails
"Brown Quail",212563171,quails
"Brown Quail",304362531,quails
"Brown Quail",213587501,quails
"Brown Quail",403530171,quails
"Brown Quail",96540731,quails
"Brown Quail",183921691,quails
"Brown Quail",191131941,quails
"Brown Quail",174149331,quails
"Common Tern",476983041,seabirds
"Common Tern",278596111,seabirds
"Flame Robin",257787441,robins
"Flame Robin",350996111,robins
"Flame Robin",250486111,robins
"Gray Petrel",174546261,seabirds
"Great Egret",392116831,egrets
"Great Egret",284049821,egrets
"Little Tern",299554111,seabirds
Magpie-lark,190874551,black_white
"Noisy Miner",214465131,honeyeaters
"Noisy Miner",421362191,honeyeaters
"Noisy Miner",473240291,honeyeaters
"Noisy Miner",336618261,honeyeaters
"Noisy Miner",103774301,honeyeaters
"Noisy Miner",438416211,honeyeaters
"Noisy Pitta",279853751,ground_birds
"Noisy Pitta",279853761,ground_birds
Rockwarbler,486108061,lbb
Rockwarbler,485182021,lbb
Rockwarbler,315321881,lbb
Rockwarbler,241372781,lbb
"Silver Gull",474769241,seabirds
"Silver Gull",487852581,seabirds
"Tree Martin",354705241,swallows
"Zebra Finch",213075171,finches
"Zebra Finch",279529741,finches
"Zebra Finch",452243351,finches
"Banded Stilt",95385741,wader
"Black Falcon",260691731,raptors
"Brown Falcon",162918881,raptors
"Cattle Egret",158411721,egrets
"Crimson Chat",176108981,little_colourful_birds
"Diamond Dove",245282031,pigeons_doves
"Diamond Dove",264478781,pigeons_doves
"Diamond Dove",245282081,pigeons_doves
"Gray Fantail",167731371,wagfantail
"Gray Fantail",470209571,wagfantail
"Gray Fantail",166744591,wagfantail
"Gray Fantail",217906391,wagfantail
"Gray Fantail",388458151,wagfantail
"Gray Fantail",157900781,wagfantail
"Gray Fantail",247362661,wagfantail
"Gray Fantail",144827051,wagfantail
"Gray Goshawk",215542071,raptors
"Gray Goshawk",105219181,raptors
"Gray Goshawk",248364381,raptors
"Gray Goshawk",65046011,raptors
"Gray Goshawk",212362371,raptors
"Hooded Robin",446559351,robins
"Hooded Robin",167101641,robins
Jacky-winter,469122671,lbb
Jacky-winter,236112771,lbb
"Lewin's Rail",469635731,rail_crake
"Lewin's Rail",487657651,rail_crake
"Lewin's Rail",253216921,rail_crake
"Little Egret",304589821,egrets
"Magpie Goose",247181841,geese
"Masked Finch",361326041,finches
"Mulga Parrot",463075091,parrots
"Mulga Parrot",467651501,parrots
"Mulga Parrot",31181381,parrots
"Pacific Baza",359487531,raptors
"Pacific Baza",114692211,raptors
"Pacific Gull",123267181,seabirds
"Pacific Koel",209532921,misc
"Powerful Owl",120008591,owl
"Powerful Owl",253930511,owl
"Powerful Owl",119809711,owl
"Powerful Owl",254629331,owl
"Powerful Owl",237592111,owl
"Powerful Owl",273886791,owl
Spinifexbird,423808491,mbb
"Spotted Dove",378209321,pigeons_doves
"Brahminy Kite",389637991,raptors
"Chestnut Teal",370701051,ducks
"Chestnut Teal",214765311,ducks
"Dusky Moorhen",259054801,water_birds
"Dusky Moorhen",169786321,water_birds
"Eurasian Coot",171816151,water_birds
"Freckled Duck",134084221,ducks
"Freckled Duck",134084301,ducks
"Green Catbird",281840481,bower
"Mandarin Duck",112740081,ducks
Mistletoebird,369384001,little_colourful_birds
Mistletoebird,343595881,little_colourful_birds
Mistletoebird,469905081,little_colourful_birds
Mistletoebird,245721171,little_colourful_birds
Mistletoebird,253609061,little_colourful_birds
Mistletoebird,126946211,little_colourful_birds
Mistletoebird,113078441,little_colourful_birds
Mistletoebird,252971901,little_colourful_birds
"Musk Lorikeet",302900991,parrots
"Pacific Heron",165380631,herons
"Pacific Swift",193386591,swallows
"Pallid Cuckoo",193640781,cuckoos
"Pallid Cuckoo",266463121,cuckoos
"Pallid Cuckoo",177980621,cuckoos
"Pallid Cuckoo",185182171,cuckoos
"Pallid Cuckoo",484021331,cuckoos
"Pallid Cuckoo",259611831,cuckoos
"Pallid Cuckoo",382225921,cuckoos
"Pallid Cuckoo",495004451,cuckoos
"Peaceful Dove",264778791,pigeons_doves
"Pink Cockatoo",393594191,cockatoos
"Scarlet Robin",250048311,robins
"Scarlet Robin",250048321,robins
"Scarlet Robin",466233641,robins
"Scarlet Robin",97629201,robins
"Shy Heathwren",393897411,lbb
"Stubble Quail",333273901,quails
"Superb Parrot",392007681,parrots
"Superb Parrot",465983871,parrots
"Banded Lapwing",191114921,wader
"Banded Lapwing",111693461,wader
"Banded Lapwing",190682791,wader
"Banded Lapwing",261087941,wader
"Banded Lapwing",190553371,wader
"Bassian Thrush",109323271,ground_mbb
"Bassian Thrush",312236521,ground_mbb
"Brown Songlark",263356441,mbb
"Crested Pigeon",251813461,pigeons_doves
"Crested Pigeon",353802371,pigeons_doves
"Crested Pigeon",226005761,pigeons_doves
"Crested Pigeon",463392151,pigeons_doves
"Gentoo Penguin",295233891,penguin
"Kentish Plover",197341101,wader
"Kentish Plover",208695191,wader
"Latham's Snipe",135370901,wader
"Latham's Snipe",135604661,wader
"Mangrove Robin",346308041,robins
"Masked Lapwing",101802091,wader
"Masked Lapwing",157460131,wader
"Masked Lapwing",161890031,wader
"Pied Cormorant",123259941,cormorant
"Pied Currawong",367080021,black_white
"Pied Currawong",485825531,black_white
"Pied Currawong",274211761,black_white
"Rufous Fantail",475050301,wagfantail
"Rufous Fantail",318718211,wagfantail
"Rufous Fantail",252734921,wagfantail
"Rufous Fantail",313050101,wagfantail
"Rufous Fantail",187830741,wagfantail
"Rufous Fantail",224611991,wagfantail
"Rufous Fantail",177181861,wagfantail
"Spotless Crake",184680361,rail_crake
"Striated Heron",356282581,herons
"Striated Heron",459617211,herons
"Topknot Pigeon",194816141,pigeons_doves
"Topknot Pigeon",475067211,pigeons_doves
"Topknot Pigeon",194816371,pigeons_doves
"Topknot Pigeon",194824721,pigeons_doves
"Whiskered Tern",188932351,seabirds
"Whiskered Tern",477324231,seabirds
"Whiskered Tern",483474551,seabirds
"Whiskered Tern",169029421,seabirds
"Whiskered Tern",181635821,seabirds
"Whiskered Tern",85314071,seabirds
"Whiskered Tern",370359271,seabirds
"Whistling Kite",190780251,raptors
Willie-wagtail,330653931,wagfantail
Willie-wagtail,388716351,wagfantail
Willie-wagtail,158734941,wagfantail
Willie-wagtail,157459431,wagfantail
Willie-wagtail,430409851,wagfantail
Willie-wagtail,392511551,wagfantail
Willie-wagtail,393978661,wagfantail
"Australian Ibis",312705141,black_white
"Australian Ibis",177522691,black_white
"Brown Thornbill",250672291,lbb
"Brown Thornbill",257553341,lbb
"Brown Thornbill",180261781,lbb
"Crimson Rosella",187414101,rosella
"Eastern Rosella",477882021,rosella
"Eastern Rosella",157801881,rosella
"Eastern Rosella",145987291,rosella
"Golden Whistler",427568211,songbird
"Golden Whistler",233217731,songbird
"Golden Whistler",230278311,songbird
"Golden Whistler",153644721,songbird
"Golden Whistler",233593071,songbird
"Golden Whistler",344186441,songbird
"Little Lorikeet",395188231,parrots
"Nankeen Kestrel",251589811,raptors
"Nankeen Kestrel",252561591,raptors
"Oriental Cuckoo",145296971,cuckoos
"Oriental Cuckoo",425951861,cuckoos
"Pheasant Coucal",470203941,walking_birds
"Pheasant Coucal",309975301,walking_birds
"Pink-eared Duck",293315591,ducks
"Radjah Shelduck",389025321,ducks
"Ruddy Turnstone",224538251,wader
"Rufous Whistler",226528941,songbird
"Rufous Whistler",186757611,songbird
"Rufous Whistler",369638901,songbird
"Satin Bowerbird",423683071,bower
"Satin Bowerbird",86760381,bower
"Southern Fulmar",365316891,seabirds
"Spinifex Pigeon",72655771,pigeons_doves
"Spinifex Pigeon",102911221,pigeons_doves
"Squatter Pigeon",346574901,pigeons_doves
"Squatter Pigeon",352270571,pigeons_doves
"Squatter Pigeon",156105611,pigeons_doves
"Squatter Pigeon",470439241,pigeons_doves
"Squatter Pigeon",87543831,pigeons_doves
"Superb Lyrebird",39449771,ground_birds
"Tawny Frogmouth",145541791,owl
"Tawny Frogmouth",492691491,owl
"Varied Sittella",401391391,lbb
"Varied Sittella",109636741,lbb
"Varied Sittella",216215641,lbb
"Varied Sittella",363016351,lbb
"Welcome Swallow",150910421,swallows
"Australian Crake",200224641,rail_crake
"Australian Crake",108025851,rail_crake
"Australian Crake",212169321,rail_crake
"Australian Crake",465743291,rail_crake
"Australian Crake",117588941,rail_crake
"Australian Crake",379958581,rail_crake
"Azure Kingfisher",375673861,kingfishers
"Azure Kingfisher",260788231,kingfishers
"Azure Kingfisher",112595871,kingfishers
"Azure Kingfisher",98473711,kingfishers
"Azure Kingfisher",214765361,kingfishers
"Black Honeyeater",434625171,honeyeaters
"Black-naped Tern",38688371,seabirds
"Blue-billed Duck",382557841,ducks
"Blue-billed Duck",181166571,ducks
"Brown Honeyeater",185285781,honeyeaters
"Brown Honeyeater",263852041,honeyeaters
"Brush Bronzewing",373210621,pigeons_doves
"Brush Bronzewing",470682221,pigeons_doves
"Brush Bronzewing",89709801,pigeons_doves
"Buff-banded Rail",215285991,rail_crake
"Buff-banded Rail",289115821,rail_crake
"Buff-banded Rail",214691581,rail_crake
"Buff-banded Rail",369313661,rail_crake
"Buff-banded Rail",181455691,rail_crake
"Buff-banded Rail",214764911,rail_crake
"Buff-sided Robin",343902391,robins
"Buff-sided Robin",359691711,robins
"Crested Bellbird",265043851,little_colourful_birds
"Eastern Whipbird",265452401,songbird
"Eastern Whipbird",380867501,songbird
"Golden Bowerbird",493305361,bower
"Gray Butcherbird",151820471,black_white
"Gray Butcherbird",336399111,black_white
"Inland Thornbill",266873801,lbb
"Inland Thornbill",324236881,lbb
"Little Grassbird",354314131,mbb
"Lovely Fairywren",461463241,fairywren
"Lovely Fairywren",481039611,fairywren
"Northern Fantail",362542951,wagfantail
"Partridge Pigeon",348938241,pigeons_doves
"Peregrine Falcon",43036791,raptors
"Pied Butcherbird",214085891,black_white
"Pied Butcherbird",251391351,black_white
"Rainbow Lorikeet",214351311,parrots
"Rainbow Lorikeet",232251401,parrots
"Rainbow Lorikeet",167107531,parrots
"Rainbow Lorikeet",168263811,parrots
"Rainbow Lorikeet",160112521,parrots
"Rainbow Lorikeet",214365911,parrots
"Red-capped Robin",258615911,robins
"Red-capped Robin",468693011,robins
"Red-capped Robin",153668011,robins
"Red-capped Robin",187028021,robins
"Red-capped Robin",113545801,robins
"Red-capped Robin",156765381,robins
"Red-capped Robin",217649841,robins
"Red-necked Stint",202325061,wader
"Red-necked Stint",281159641,wader
"Regent Bowerbird",79267691,bower
"Regent Bowerbird",79267611,bower
"Rufous Fieldwren",491114631,lbb
"Southern Boobook",250820021,owl
"Southern Boobook",142677991,owl
"Southern Boobook",463123641,owl
"Southern Boobook",390482521,owl
"Southern Emuwren",448237331,walking_birds
"Southern Emuwren",448237571,walking_birds
"Speckled Warbler",164993361,lbb
"Speckled Warbler",306526771,lbb
"Spotted Nightjar",369627631,owl
"Spotted Nightjar",343483801,owl
"Spotted Nightjar",348042791,owl
"Superb Fairywren",114339741,fairywren
"Superb Fairywren",364841961,fairywren
"Superb Fairywren",114339721,fairywren
"Superb Fairywren",295047971,fairywren
"Superb Fairywren",368643991,fairywren
"Superb Fairywren",76937841,fairywren
"Superb Fairywren",191457231,fairywren
"Superb Fairywren",244703531,fairywren
"Superb Fairywren",113890641,fairywren
"Superb Fairywren",193453001,fairywren
"Turquoise Parrot",335255571,parrots
"Turquoise Parrot",261328361,parrots
"Yellow Thornbill",469582011,lbb
"Yellow Thornbill",490529431,lbb
"Australian Magpie",491394751,black_white
"Australian Magpie",366168101,black_white
"Australian Magpie",123596881,black_white
"Australian Magpie",95213801,black_white
"Brown Cuckoo-Dove",469364701,pigeons_doves
"Brown Cuckoo-Dove",240720731,pigeons_doves
"Brown Cuckoo-Dove",238397511,pigeons_doves
"Brown Cuckoo-Dove",395583421,pigeons_doves
"Brown Cuckoo-Dove",208897101,pigeons_doves
"Brown Cuckoo-Dove",239474221,pigeons_doves
"Common Bronzewing",200236401,pigeons_doves
"Common Bronzewing",171349511,pigeons_doves
"Common Bronzewing",240502621,pigeons_doves
"Common Bronzewing",378191781,pigeons_doves
"Dusky Woodswallow",272497631,swallows
"Dusky Woodswallow",382821371,swallows
"Eastern Spinebill",236484501,seabirds
"Eastern Spinebill",335241821,seabirds
"Eastern Spinebill",252379561,seabirds
"Eastern Spinebill",336618151,seabirds
"Eastern Spinebill",121739231,seabirds
"Fan-tailed Cuckoo",463889911,cuckoos
"Fan-tailed Cuckoo",260019191,cuckoos
"Forest Kingfisher",90919521,kingfishers
"Gray-headed Robin",461803571,robins
"Green Pygmy-Goose",117476591,geese
"Leaden Flycatcher",403524061,wagfantail
"Leaden Flycatcher",416644661,wagfantail
"Leaden Flycatcher",443910041,wagfantail
"Leaden Flycatcher",262867591,wagfantail
"Leaden Flycatcher",173816121,wagfantail
"Leaden Flycatcher",367874481,wagfantail
"Leaden Flycatcher",351766471,wagfantail
"Mangrove Gerygone",361592571,lbb
"Mangrove Gerygone",300772221,lbb
"Marbled Frogmouth",419878471,owl
"Pale-yellow Robin",263376241,robins
"Pale-yellow Robin",263375031,robins
"Pale-yellow Robin",237644071,robins
"Pale-yellow Robin",263376271,robins
"Plum-headed Finch",274135791,finches
"Plum-headed Finch",294389891,finches
"Rainbow Bee-eater",267385071,honeyeaters
"Rainbow Bee-eater",355168611,honeyeaters
"Rainbow Bee-eater",121354051,honeyeaters
"Rainbow Bee-eater",246569761,honeyeaters
"Rainbow Bee-eater",178214211,honeyeaters
"Rainbow Bee-eater",344743401,honeyeaters
"Red-capped Plover",249869531,wader
"Red-capped Plover",181024721,wader
"Red-necked Avocet",138542561,wader
"Red-necked Avocet",135803701,wader
"Red-rumped Parrot",308528841,parrots
"Red-rumped Parrot",470905461,parrots
"Red-rumped Parrot",263565121,parrots
"Red-rumped Parrot",367692631,parrots
"Red-rumped Parrot",157630471,parrots
"Red-rumped Parrot",157616751,parrots
"Red-winged Parrot",223058981,parrots
"Sacred Kingfisher",213392221,kingfishers
"Spotted Pardalote",99559531,little_colourful_birds
"Spotted Pardalote",110233061,little_colourful_birds
"Spotted Pardalote",161833821,little_colourful_birds
"Spotted Pardalote",161695241,little_colourful_birds
"Spotted Pardalote",161379611,little_colourful_birds
"Spotted Pardalote",110233041,little_colourful_birds
"Spotted Pardalote",114473171,little_colourful_birds
"Spotted Pardalote",123795841,little_colourful_birds
"Spotted Pardalote",105269051,little_colourful_birds
"Spotted Pardalote",154595691,little_colourful_birds
"Straw-necked Ibis",332753621,black_white
"Straw-necked Ibis",250248191,black_white
"Western Bowerbird",280394591,bower
"Western Grasswren",494253931,lbb
"White-faced Heron",230824701,herons
"Australasian Grebe",482779181,water_birds
"Australasian Grebe",485157931,water_birds
"Australasian Grebe",485535671,water_birds
"Australasian Grebe",180971431,water_birds
"Australasian Grebe",484296381,water_birds
"Australasian Grebe",485535681,water_birds
"Australasian Pipit",92129651,mbb
"Australian Bustard",468912571,ground_birds
"Australian Pelican",167343551,water_birds
"Beach Stone-curlew",189303211,wader
"Beach Stone-curlew",343910391,wader
"Beach Stone-curlew",206895391,wader
"Beautiful Firetail",254179001,finches
"Beautiful Firetail",237989431,finches
"Beautiful Firetail",254177231,finches
"Beautiful Firetail",176452441,finches
"Beautiful Firetail",255837371,finches
"Black-eared Cuckoo",261325371,cuckoos
"Black-eared Cuckoo",488279561,cuckoos
"Black-necked Stork",344208151,egrets
"Black-necked Stork",156453181,egrets
"Black-necked Stork",345835051,egrets
"Black-necked Stork",97450941,egrets
"Black-necked Stork",422069261,egrets
"Black-necked Stork",81651251,egrets
"Black-necked Stork",345835301,egrets
"Black-necked Stork",235632431,egrets
"Blue-winged Parrot",374745691,parrots
"Buller's Albatross",463448401,seabirds
"Buller's Albatross",104088321,seabirds
"Buller's Albatross",463448361,seabirds
"European Goldfinch",263101521,finches
"Fuscous Honeyeater",360045521,honeyeaters
"Fuscous Honeyeater",177168171,honeyeaters
"Gang-gang Cockatoo",466253501,cockatoos
"Gang-gang Cockatoo",162044191,cockatoos
"Gang-gang Cockatoo",51312231,cockatoos
"Gang-gang Cockatoo",210055541,cockatoos
"Great Crested Tern",209859571,seabirds
"Helmeted Friarbird",349957051,misc
"Hoary-headed Grebe",207823601,water_birds
"Intermediate Egret",225962341,egrets
"Lesser Sand-Plover",290992901,wader
"Letter-winged Kite",170428271,raptors
"Little Buttonquail",76479871,quails
"Pacific Black Duck",159838971,ducks
"Pacific Black Duck",94572031,ducks
"Pacific Black Duck",312993791,ducks
"Pacific Black Duck",323104031,ducks
"Pacific Black Duck",425923881,ducks
"Pacific Black Duck",418161421,ducks
"Pacific Reef-Heron",393122941,herons
"Pacific Reef-Heron",198410801,herons
"Paradise Riflebird",281835991,misc
"Pied Oystercatcher",361038981,wader
"Pied Oystercatcher",212100981,wader
"Pied Oystercatcher",189930831,wader
"Red-kneed Dotterel",344194781,wader
"Red-lored Whistler",437156561,songbird
"Rufous Bristlebird",402703951,mbb
"Rufous Treecreeper",457036781,lbb
"Salvin's Albatross",192901021,seabirds
"Scarlet Honeyeater",276521401,honeyeaters
"Scarlet Honeyeater",471996331,honeyeaters
"Scarlet Honeyeater",478964161,honeyeaters
"Scarlet Honeyeater",447415741,honeyeaters
"Scarlet Honeyeater",456213811,honeyeaters
"Scarlet Honeyeater",266480021,honeyeaters
"Scarlet Honeyeater",194384361,honeyeaters
"Scarlet Honeyeater",160947841,honeyeaters
"Scarlet Honeyeater",181631021,honeyeaters
"Shining Flycatcher",357747441,wagfantail
"Shining Flycatcher",430072221,wagfantail
"Shining Flycatcher",357747451,wagfantail
"Singing Honeyeater",259399231,honeyeaters
"Southern Whiteface",486644201,little_colourful_birds
"Southern Whiteface",483752141,little_colourful_birds
"Southern Whiteface",249876761,little_colourful_birds
"Spectacled Monarch",231465321,little_colourful_birds
"Spectacled Monarch",453281411,little_colourful_birds
"Spectacled Monarch",405253641,little_colourful_birds
"Spectacled Monarch",471411491,little_colourful_birds
"Splendid Fairywren",188516831,fairywren
"Splendid Fairywren",190527171,fairywren
"Splendid Fairywren",236130261,fairywren
"Splendid Fairywren",82230811,fairywren
"Splendid Fairywren",82230861,fairywren
"Splendid Fairywren",393787741,fairywren
"Splendid Fairywren",82230871,fairywren
"Splendid Fairywren",260023091,fairywren
"Splendid Fairywren",126245751,fairywren
"Splendid Fairywren",258420221,fairywren
"Square-tailed Kite",416935651,raptors
"Striated Pardalote",348120161,little_colourful_birds
"Striated Pardalote",473513061,little_colourful_birds
"Striated Pardalote",406484021,little_colourful_birds
"Striated Pardalote",464345251,little_colourful_birds
"Striated Thornbill",237593371,lbb
"Striated Thornbill",245732671,lbb
"Striated Thornbill",461585161,lbb
"Striated Thornbill",326592081,lbb
"Striped Honeyeater",183920131,honeyeaters
"Striped Honeyeater",248188441,honeyeaters
"White-browed Crake",351064881,rail_crake
"White-fronted Chat",215489461,little_colourful_birds
"White-fronted Chat",407601561,little_colourful_birds
"Australasian Darter",346818661,cormorant
"Australasian Darter",202044241,cormorant
"Australasian Darter",310498931,cormorant
"Australasian Darter",262589141,cormorant
"Australasian Darter",217192851,cormorant
"Australasian Gannet",271016091,seabirds
"Australian Shelduck",181405861,ducks
"Australian Shoveler",266972131,ducks
"Black-breasted Kite",421053281,raptors
"Black-faced Monarch",177176331,little_colourful_birds
"Black-winged Petrel",293457021,seabirds
"Crescent Honeyeater",244928261,honeyeaters
"Crescent Honeyeater",260006501,honeyeaters
"Crescent Honeyeater",343860971,honeyeaters
"Double-barred Finch",474044181,finches
"Double-barred Finch",404108521,finches
"Double-barred Finch",466542241,finches
"Double-barred Finch",320163701,finches
"Double-barred Finch",222435201,finches
"Eastern Bristlebird",392572231,mbb
"Eungella Honeyeater",95306781,honeyeaters
"Gray-headed Lapwing",112742371,wader
"Laughing Kookaburra",496536741,kingfishers
"Laughing Kookaburra",93632171,kingfishers
"Long-billed Corella",272036101,cockatoos
"Long-billed Corella",159385101,cockatoos
"Long-billed Corella",368354911,cockatoos
"Mangrove Honeyeater",240456721,honeyeaters
"Nankeen Night-Heron",203089621,herons
"Nankeen Night-Heron",248183701,herons
"Olive-backed Oriole",277191161,honeyeaters
"Painted Buttonquail",390430381,quails
"Painted Buttonquail",403844201,quails
"Painted Buttonquail",415854011,quails
"Painted Buttonquail",397984871,quails
"Painted Buttonquail",371528701,quails
"Painted Buttonquail",353555611,quails
"Painted Buttonquail",370669301,quails
"Painted Buttonquail",371780931,quails
"Painted Buttonquail",218339251,quails
"Painted Buttonquail",406962541,quails
"Pale-headed Rosella",182208131,rosella
"Pale-headed Rosella",119585441,rosella
"Pale-headed Rosella",189442921,rosella
"Red-browed Firetail",238702341,finches
"Red-browed Firetail",469942121,finches
"Red-browed Firetail",252748651,finches
"Restless Flycatcher",333267581,wagfantail
"Restless Flycatcher",476975941,wagfantail
"Restless Flycatcher",94580841,wagfantail
"Restless Flycatcher",213853171,wagfantail
"Restless Flycatcher",396081301,wagfantail
"Restless Flycatcher",107847501,wagfantail
"Restless Flycatcher",335761481,wagfantail
"Restless Flycatcher",334859611,wagfantail
"Restless Flycatcher",335256301,wagfantail
"Sooty Oystercatcher",470660291,wader
"Sooty Oystercatcher",244697261,wader
"Tasmanian Nativehen",217147301,water_birds
"Wandering Albatross",463453021,seabirds
"White-eared Monarch",386585341,little_colourful_birds
"White-eared Monarch",88311881,little_colourful_birds
"White-eared Monarch",243204671,little_colourful_birds
"White-eared Monarch",378067431,little_colourful_birds
"White-eared Monarch",189911191,little_colourful_birds
"White-headed Pigeon",92514171,pigeons_doves
"White-winged Chough",394614461,black_white
"White-winged Chough",383028781,black_white
"Australian Logrunner",124028311,ground_birds
"Bower's Shrikethrush",425362101,bower
"Chirruping Wedgebill",488573481,songbird
"Collared Sparrowhawk",203837611,raptors
"Double-banded Plover",249357231,wader
"Double-banded Plover",250476101,wader
"Eastern Yellow Robin",390910281,robins
"Eastern Yellow Robin",495293641,robins
"Eastern Yellow Robin",279853131,robins
"Eastern Yellow Robin",111424591,robins
"Gray-crowned Babbler",477327781,black_white
"Gray-crowned Babbler",394526121,black_white
"Little Bronze-Cuckoo",447254191,cuckoos
"Little Bronze-Cuckoo",365120821,cuckoos
"Olive-backed Sunbird",386212081,little_colourful_birds
"Olive-backed Sunbird",489192481,little_colourful_birds
"Olive-backed Sunbird",444726561,little_colourful_birds
"Pacific Emerald Dove",182189131,pigeons_doves
"Pacific Emerald Dove",309121701,pigeons_doves
"Pacific Emerald Dove",290507881,pigeons_doves
"Pale-vented Bush-hen",195271811,water_birds
"Red-backed Fairywren",192663671,fairywren
"Red-backed Fairywren",163505581,fairywren
"Red-backed Fairywren",274868591,fairywren
"Red-backed Fairywren",284871001,fairywren
"Red-backed Fairywren",249537561,fairywren
"Red-backed Fairywren",244470371,fairywren
"Red-backed Fairywren",76937761,fairywren
"Red-backed Fairywren",172714241,fairywren
"Red-backed Fairywren",282138201,fairywren
"Red-backed Fairywren",176862511,fairywren
"Red-winged Fairywren",172309501,fairywren
"Southern Scrub-Robin",490818111,robins
"Southern Scrub-Robin",257063811,robins
"Spotted Quail-thrush",250043841,ground_mbb
"Spotted Quail-thrush",368131421,ground_mbb
"Spotted Quail-thrush",369899911,ground_mbb
"Spotted Quail-thrush",250045641,ground_mbb
"Spotted Quail-thrush",368130901,ground_mbb
"Spotted Quail-thrush",399973281,ground_mbb
"Spotted Quail-thrush",368679621,ground_mbb
"Spotted Quail-thrush",178923461,ground_mbb
"Spotted Quail-thrush",368130761,ground_mbb
"Spotted Quail-thrush",372251541,ground_mbb
"Torresian Kingfisher",178948941,kingfishers
"Torresian Kingfisher",196337911,kingfishers
"Variegated Fairywren",172826111,fairywren
"Variegated Fairywren",211776261,fairywren
"Variegated Fairywren",222789851,fairywren
"Variegated Fairywren",177843371,fairywren
"Variegated Fairywren",123799101,fairywren
"Variegated Fairywren",113890661,fairywren
"Variegated Fairywren",76937751,fairywren
"Variegated Fairywren",142296121,fairywren
"Variegated Fairywren",175032811,fairywren
"Variegated Fairywren",118138891,fairywren
"Victoria's Riflebird",460129971,misc
"Victoria's Riflebird",384020521,misc
"Australasian Bushlark",184241381,mbb
"Australasian Swamphen",252980141,water_birds
"Australasian Swamphen",366435741,water_birds
"Australasian Swamphen",94237111,water_birds
"Australian Fairy Tern",305405951,seabirds
"Australian Masked-Owl",104566221,owl
"Australian Masked-Owl",243417991,owl
"Australian Pratincole",398269461,misc
"Black-shouldered Kite",115633061,raptors
"Black-shouldered Kite",166631551,raptors
"Black-shouldered Kite",111561731,raptors
"Black-shouldered Kite",116073421,raptors
"Blue-faced Honeyeater",320515731,honeyeaters
"Blue-faced Honeyeater",303296421,honeyeaters
"Blue-faced Honeyeater",358675761,honeyeaters
"Buff-rumped Thornbill",261773431,lbb
"Buff-rumped Thornbill",363844261,lbb
"Channel-billed Cuckoo",185428681,misc
"Chestnut Quail-thrush",487975211,ground_mbb
"Chestnut Quail-thrush",486373091,ground_mbb
"Chestnut Quail-thrush",437193361,ground_mbb
"Glossy Black-Cockatoo",298710841,cockatoos
"Glossy Black-Cockatoo",474791331,cockatoos
"Glossy Black-Cockatoo",254180391,cockatoos
"Green-backed Gerygone",351849691,lbb
"Little Pied Cormorant",166439151,cormorant
"Little Pied Cormorant",482517751,cormorant
"Northern Giant-Petrel",262564241,seabirds
"Pacific Golden-Plover",282032791,wader
"Pacific Golden-Plover",320141681,wader
"Pacific Golden-Plover",484528281,wader
"Plumed Whistling-Duck",442371501,ducks
"Plumed Whistling-Duck",310124821,ducks
"Red-headed Honeyeater",372937491,honeyeaters
"Red-tailed Tropicbird",288190481,misc
"Shining Bronze-Cuckoo",173816071,cuckoos
"Shining Bronze-Cuckoo",174579151,cuckoos
"Shining Bronze-Cuckoo",268378851,cuckoos
"Shining Bronze-Cuckoo",211229721,cuckoos
"Shining Bronze-Cuckoo",363483251,cuckoos
"Shining Bronze-Cuckoo",115177931,cuckoos
"Shining Bronze-Cuckoo",337275891,cuckoos
"Shining Bronze-Cuckoo",247537561,cuckoos
"Shining Bronze-Cuckoo",283084551,cuckoos
"Australasian Grass-Owl",130988441,owl
"Australasian Grass-Owl",130988431,owl
"Australasian Grass-Owl",130988421,owl
"Australasian Grass-Owl",130816461,owl
"Australasian Grass-Owl",130988001,owl
"Australian Brushturkey",255612141,walking_birds
"Australian King-Parrot",415331961,parrots
"Australian King-Parrot",164828871,parrots
"Black-browed Albatross",242934571,seabirds
"Black-fronted Dotterel",438367741,wader
"Black-tailed Nativehen",184858151,water_birds
"Carpentarian Grasswren",477611351,lbb
"Double-eyed Fig-Parrot",115900841,parrots
"Double-eyed Fig-Parrot",174316711,parrots
"Little Black Cormorant",316122731,cormorant
"New Holland Honeyeater",471910821,honeyeaters
"Nullarbor Quail-thrush",305027261,ground_mbb
"Red-browed Treecreeper",245539551,lbb
"Scarlet-chested Parrot",56132231,parrots
"Sharp-tailed Sandpiper",147402621,wader
"Sharp-tailed Sandpiper",147479081,wader
"Sharp-tailed Sandpiper",148208441,wader
"White-browed Scrubwren",437353091,lbb
"White-browed Scrubwren",432205491,lbb
"White-browed Scrubwren",325042801,lbb
"White-browed Scrubwren",162163371,lbb
"White-capped Albatross",84101541,seabirds
"White-capped Albatross",228924821,seabirds
"White-capped Albatross",84101621,seabirds
"White-capped Albatross",84101581,seabirds
"White-capped Albatross",463448651,seabirds
"White-capped Albatross",463448681,seabirds
"White-capped Albatross",463448801,seabirds
"White-eared Honeyeater",250262121,honeyeaters
"White-winged Fairywren",470196151,fairywren
"White-winged Fairywren",469905581,fairywren
"Yellow-nosed Albatross",40051931,seabirds
"Yellow-nosed Albatross",242945921,seabirds
"Yellow-nosed Albatross",169028261,seabirds
"Yellow-rumped Mannikin",419483771,finches
"Australian Reed Warbler",364238921,lbb
"Australian Reed Warbler",345549701,lbb
"Bar-breasted Honeyeater",189890671,honeyeaters
"Black-faced Woodswallow",261274231,swallows
"Brown-headed Honeyeater",410238751,honeyeaters
"Buff-breasted Sandpiper",298933361,wader
"Buff-breasted Sandpiper",306117441,wader
"Buff-breasted Sandpiper",298536121,wader
"Buff-breasted Sandpiper",298935461,wader
"Golden-headed Cisticola",379934661,mbb
"Golden-headed Cisticola",471408431,mbb
"Golden-headed Cisticola",183672241,mbb
"Golden-headed Cisticola",180455971,mbb
"Light-mantled Albatross",217149211,seabirds
Mallard,374502921,ducks
"Purple-backed Fairywren",258855801,fairywren
"Purple-backed Fairywren",260958931,fairywren
"Purple-crowned Lorikeet",394372971,parrots
"Rose-crowned Fruit-Dove",349284241,pigeons_doves
"Rose-crowned Fruit-Dove",259400371,pigeons_doves
"Rose-crowned Fruit-Dove",324085311,pigeons_doves
"Rose-crowned Fruit-Dove",405108411,pigeons_doves
"Scaly-breasted Lorikeet",434956051,parrots
"Scaly-breasted Lorikeet",432216441,parrots
"Scaly-breasted Lorikeet",470204951,parrots
"White-bellied Sea-Eagle",40721321,raptors
"White-bellied Sea-Eagle",465254971,raptors
"White-throated Gerygone",367397221,lbb
"White-throated Gerygone",235635831,lbb
"White-throated Gerygone",269165371,lbb
"White-throated Gerygone",120869991,lbb
"White-throated Gerygone",237261231,lbb
"White-throated Gerygone",468238051,lbb
"White-throated Nightjar",275696871,owl
"Yellow-billed Spoonbill",168350451,egrets
"Australian Painted-Snipe",207408171,wader
"Black-faced Cuckooshrike",268665061,cuckoos
"Black-faced Cuckooshrike",468476431,cuckoos
"Carnaby's Black-Cockatoo",219425841,cockatoos
"Chestnut-crowned Babbler",259814611,black_white
"Chestnut-crowned Babbler",490238801,black_white
"Golden-shouldered Parrot",451693161,parrots
"Purple-crowned Fairywren",325830461,fairywren
"Silver-crowned Friarbird",372273001,misc
"Tawny-crowned Honeyeater",246799391,honeyeaters
"White-browed Treecreeper",487273041,lbb
"White-browed Treecreeper",257564041,lbb
"White-browed Woodswallow",182256781,swallows
"White-browed Woodswallow",178784191,swallows
"White-browed Woodswallow",182256761,swallows
"White-browed Woodswallow",183081551,swallows
"White-cheeked Honeyeater",232781181,honeyeaters
"White-cheeked Honeyeater",246609351,honeyeaters
"White-cheeked Honeyeater",259339851,honeyeaters
"White-cheeked Honeyeater",353539711,honeyeaters
"White-cheeked Honeyeater",260790621,honeyeaters
"Yellow-plumed Honeyeater",394143091,honeyeaters
"Yellow-tufted Honeyeater",239956561,honeyeaters
"Yellow-tufted Honeyeater",423242951,honeyeaters
"Yellow-tufted Honeyeater",470895521,honeyeaters
"Australian Owlet-nightjar",83503271,owl
"Australian Owlet-nightjar",408231211,owl
"Australian Owlet-nightjar",72658931,owl
"Australian Owlet-nightjar",365622021,owl
"Chestnut-rumped Thornbill",484565451,lbb
"Chestnut-rumped Thornbill",265306521,lbb
"Horsfield's Bronze-Cuckoo",174105741,cuckoos
"Horsfield's Bronze-Cuckoo",115764361,cuckoos
"Torresian Imperial-Pigeon",375153011,pigeons_doves
"White-quilled Rock-Pigeon",361623031,pigeons_doves
"Yellow-throated Scrubwren",195338601,lbb
"Black-breasted Buttonquail",466721141,quails
"Chestnut-breasted Mannikin",285583681,finches
"Chestnut-breasted Mannikin",162361891,finches
"Chestnut-breasted Mannikin",195723471,finches
"Chestnut-breasted Mannikin",191768571,finches
"Rock Pigeon",357376781,pigeons_doves
"South Island Oystercatcher",249701501,wader
"White-breasted Woodswallow",109125201,swallows
"White-throated Treecreeper",468478541,lbb
"White-throated Treecreeper",267947191,lbb
"Yellow-tailed Black-Cockatoo",333480721,cockatoos
"Yellow-tailed Black-Cockatoo",122120151,cockatoos
"Yellow-tailed Black-Cockatoo",187507571,cockatoos
"Chestnut-breasted Quail-thrush",437742871,ground_mbb
"Chestnut-breasted Quail-thrush",441909431,ground_mbb
"Wandering Albatross",255047901,seabirds
"Australian Ringneck",484294981,parrots
